{
  "images" : [
    {
      "idiom" : "universal",
      "filename" : "CopyRequest.png",
      "scale" : "1x"
    },
    {
      "idiom" : "universal",
      "filename" : "CopyRequest-1.png",
      "appearances" : [
        {
          "appearance" : "luminosity",
          "value" : "light"
        }
      ],
      "scale" : "1x"
    },
    {
      "idiom" : "universal",
      "filename" : "CopyRequestDark.png",
      "appearances" : [
        {
          "appearance" : "luminosity",
          "value" : "dark"
        }
      ],
      "scale" : "1x"
    },
    {
      "idiom" : "universal",
      "filename" : "CopyRequest@2x.png",
      "scale" : "2x"
    },
    {
      "idiom" : "universal",
      "filename" : "CopyRequest@2x-1.png",
      "appearances" : [
        {
          "appearance" : "luminosity",
          "value" : "light"
        }
      ],
      "scale" : "2x"
    },
    {
      "idiom" : "universal",
      "filename" : "CopyRequestDark@2x.png",
      "appearances" : [
        {
          "appearance" : "luminosity",
          "value" : "dark"
        }
      ],
      "scale" : "2x"
    },
    {
      "idiom" : "universal",
      "filename" : "CopyRequest@3x.png",
      "scale" : "3x"
    },
    {
      "idiom" : "universal",
      "filename" : "CopyRequest@3x-1.png",
      "appearances" : [
        {
          "appearance" : "luminosity",
          "value" : "light"
        }
      ],
      "scale" : "3x"
    },
    {
      "idiom" : "universal",
      "filename" : "CopyRequestDark@3x.png",
      "appearances" : [
        {
          "appearance" : "luminosity",
          "value" : "dark"
        }
      ],
      "scale" : "3x"
    }
  ],
  "info" : {
    "version" : 1,
    "author" : "xcode"
  }
}