{
  "images" : [
    {
      "idiom" : "universal",
      "filename" : "CopyResponse.png",
      "scale" : "1x"
    },
    {
      "idiom" : "universal",
      "filename" : "CopyResponse-1.png",
      "appearances" : [
        {
          "appearance" : "luminosity",
          "value" : "light"
        }
      ],
      "scale" : "1x"
    },
    {
      "idiom" : "universal",
      "filename" : "CopyResponseDark.png",
      "appearances" : [
        {
          "appearance" : "luminosity",
          "value" : "dark"
        }
      ],
      "scale" : "1x"
    },
    {
      "idiom" : "universal",
      "filename" : "CopyResponse@2x.png",
      "scale" : "2x"
    },
    {
      "idiom" : "universal",
      "filename" : "CopyResponse@2x-1.png",
      "appearances" : [
        {
          "appearance" : "luminosity",
          "value" : "light"
        }
      ],
      "scale" : "2x"
    },
    {
      "idiom" : "universal",
      "filename" : "CopyResponseDark@2x.png",
      "appearances" : [
        {
          "appearance" : "luminosity",
          "value" : "dark"
        }
      ],
      "scale" : "2x"
    },
    {
      "idiom" : "universal",
      "filename" : "CopyResponse@3x.png",
      "scale" : "3x"
    },
    {
      "idiom" : "universal",
      "filename" : "CopyResponse@3x-1.png",
      "appearances" : [
        {
          "appearance" : "luminosity",
          "value" : "light"
        }
      ],
      "scale" : "3x"
    },
    {
      "idiom" : "universal",
      "filename" : "CopyResponseDark@3x.png",
      "appearances" : [
        {
          "appearance" : "luminosity",
          "value" : "dark"
        }
      ],
      "scale" : "3x"
    }
  ],
  "info" : {
    "version" : 1,
    "author" : "xcode"
  }
}